{
  "num_val_samples": 401,
  "accuracy": 0.85785536159601,
  "precision": 0.8734177215189873,
  "recall": 0.7885714285714286,
  "f1": 0.8288288288288288,
  "confusion_matrix": [
    [
      206,
      20
    ],
    [
      37,
      138
    ]
  ]
}